Freq,PN
0.1,-41.0200769759
0.1015468992,-41.0200769759
0.1031177275,-41.0200769759
0.1047128548,-41.0200769759
0.1063326572,-41.0200769759
0.1079775162,-41.0200769759
0.1096478196,-41.0200769759
0.1113439609,-41.0200769759
0.1130663398,-41.0200769759
0.1148153621,-41.1759779448
0.1165914401,-41.3318789137
0.1183949922,-41.4877798827
0.1202264435,-41.6436808516
0.1220862254,-41.7995818206
0.1239747763,-41.9554827895
0.1258925412,-42.1113837584
0.1278399719,-42.2672847274
0.1298175275,-42.7047584999
0.1318256739,-43.1422322725
0.1338648842,-43.579706045
0.1359356391,-43.8612788486
0.1380384265,-44.1428516522
0.1401737418,-44.4244244558
0.1423420884,-44.7059972595
0.1445439771,-45.3664086214
0.1467799268,-46.0268199833
0.1490504643,-46.6872313453
0.1513561248,-47.3476427072
0.1536974516,-47.7264812655
0.1560749963,-48.1053198238
0.1584893192,-48.5791499651
0.1609409893,-49.0529801064
0.1634305843,-49.5268102477
0.1659586907,-50.000640389
0.1685259045,-50.4744705303
0.1711328304,-50.4347455908
0.1737800829,-50.3950206514
0.1764682857,-50.3552957119
0.1791980722,-50.3155707725
0.1819700859,-50.275845833
0.1847849797,-50.2361208936
0.1876434172,-50.1292112956
0.1905460718,-50.0223016975
0.1934936275,-49.9153920995
0.196486779,-49.8084825015
0.1995262315,-49.7393035503
0.2026127013,-49.8048411216
0.2057469156,-49.8703786929
0.2089296131,-49.9359162641
0.2121615437,-50.0014538354
0.215443469,-50.2114531049
0.2187761624,-50.4214523745
0.2221604092,-50.6036447196
0.2255970069,-50.7858370648
0.2290867653,-51.3064708776
0.2326305067,-51.8271046905
0.2362290663,-52.3100078565
0.2398832919,-52.7929110225
0.2435940447,-53.3902773482
0.2473621992,-53.9876436739
0.2511886432,-54.5850099996
0.2550742784,-55.037914627
0.2590200205,-55.2397772471
0.2630267992,-55.4416398672
0.2670955588,-55.6435024872
0.2712272579,-55.4958612159
0.2754228703,-55.3482199446
0.2796833846,-55.2005786733
0.2840098048,-55.052937402
0.2884031503,-55.0488243251
0.2928644565,-55.0447112482
0.2973947745,-55.0405981713
0.301995172,-55.2510181337
0.3066667331,-55.7124801035
0.3114105584,-56.1739420733
0.316227766,-56.6104268581
0.3211194909,-57.0579740665
0.3260868859,-57.505521275
0.3311311215,-57.9118826079
0.3362533863,-58.3182439409
0.3414548874,-58.4666139197
0.3467368505,-58.7677898834
0.3521005202,-59.0689658471
0.3575471605,-59.2575794322
0.3630780548,-59.4461930172
0.3686945065,-59.6348066023
0.374397839,-59.876955065
0.3801893963,-60.1191035277
0.3860705432,-60.5671303369
0.3920426655,-61.0563430216
0.3981071706,-61.5455557063
0.4042654874,-61.9562640577
0.4105190671,-62.2141664242
0.4168693835,-62.4523524865
0.4233179328,-62.5885678881
0.4298662347,-62.882179701
0.4365158322,-63.1757915139
0.4432682923,-63.3632348066
0.4501252062,-63.5506780994
0.4570881896,-63.3995961723
0.4641588834,-63.2485142451
0.4713389536,-63.3417284246
0.4786300923,-63.5134469373
0.4860340176,-63.9645561608
0.4935524741,-64.4353816885
0.5011872336,-65.0002791031
0.5089400952,-65.4077801064
0.5168128856,-65.4641960493
0.5248074602,-65.5982228196
0.5329257029,-65.7384305396
0.5411695265,-66.0112851331
0.5495408739,-66.6667308699
0.5580417175,-67.1252766712
0.5666740606,-67.5838224725
0.5754399373,-67.86557478
0.5843414134,-68.0677234793
0.5933805863,-68.1758002918
0.6025595861,-68.111734382
0.6118805758,-68.3987535327
0.6213457517,-68.6561054285
0.6309573445,-68.989531801
0.6407176189,-69.3229581735
0.6506288749,-69.4667791081
0.660693448,-69.4421700136
0.67091371,-69.2041977316
0.6812920691,-68.8636282327
0.6918309709,-68.6256198958
0.702532899,-68.5079589293
0.7134003751,-68.328213287
0.7244359601,-68.1484676448
0.7356422545,-67.9712269752
0.7470218989,-67.9734721897
0.758577575,-68.1103106607
0.7703120058,-68.2020288567
0.7822279564,-68.4147809107
0.7943282347,-68.78413438
0.8066156922,-68.9831020513
0.8190932242,-69.0423611403
0.8317637711,-69.0488326799
0.8446303186,-69.684687113
0.8576958986,-70.5736696591
0.87096359,-71.2333473399
0.8844365191,-71.4901436179
0.898117861,-71.8628728542
0.9120108394,-72.2842876926
0.9261187281,-72.2561111184
0.9404448517,-72.2846963166
0.954992586,-72.4836673127
0.9697653591,-72.773618733
0.9847666521,-72.9960103323
1,-72.8232464361
1.0154689924,-72.3973544269
1.0311772746,-72.2964881072
1.0471285481,-72.3367618798
1.0633265716,-72.1265094376
1.0797751623,-71.7197059628
1.0964781961,-71.8787181051
1.1134396091,-72.0377302474
1.1306633979,-72.1967423898
1.1481536215,-72.5050546148
1.1659144012,-72.8133668398
1.1839499222,-73.1216790648
1.2022644346,-73.5048723517
1.2208622541,-73.8195070967
1.239747763,-74.1341418418
1.2589254118,-74.5279947635
1.2783997195,-74.9218476852
1.298175275,-75.1994764022
1.3182567386,-75.4847788526
1.3386488421,-75.770081303
1.3593563909,-75.9318542751
1.3803842646,-76.1663249411
1.4017374183,-76.4007956072
1.4234208839,-76.5603852113
1.4454397707,-76.7877179738
1.4677992676,-77.0150507362
1.4905046434,-77.0873768488
1.5135612484,-77.1597029614
1.5369745159,-77.232029074
1.5607499631,-77.2286388394
1.5848931925,-77.2252486048
1.6094098933,-77.2880143935
1.6343058427,-77.2780824882
1.6595869074,-77.3873775888
1.6852590448,-77.4966726894
1.7113283042,-77.6034566253
1.7378008287,-77.7102405612
1.7646828566,-77.8928129702
1.7919807224,-78.0356266306
1.8197008586,-78.178440291
1.8478497974,-78.3877453192
1.876434172,-78.5970503473
1.905460718,-78.7809222488
1.9349362754,-78.9647941502
1.96486779,-79.1133992589
1.995262315,-79.3457117318
2.0261270126,-79.512792211
2.057469156,-79.7696492804
2.0892961309,-80.0265063497
2.1216154369,-80.2935955652
2.15443469,-80.5606847807
2.1877616239,-80.8781780582
2.221604092,-81.1956713356
2.2559700688,-81.6143863566
2.2908676528,-82.0786185114
2.3263050672,-82.4588904531
2.3622906626,-82.7220020371
2.398832919,-82.9777646685
2.4359404473,-83.1437507099
2.4736219916,-83.3398044267
2.5118864315,-83.6104638116
2.5507427837,-83.8811231966
2.5902002045,-84.1427397365
2.6302679919,-84.4598695534
2.6709555876,-84.6350547302
2.7122725793,-84.7425015672
2.7542287033,-84.8760438743
2.7968338463,-85.0700219156
2.8400980479,-85.2713489096
2.8840315031,-85.4686347552
2.9286445646,-85.7103329911
2.9739477452,-85.9958957195
3.0199517204,-86.2704387656
3.0666673307,-86.5051718408
3.1141055844,-86.6806234098
3.1622776602,-86.8446762763
3.2111949094,-87.0592777816
3.2608688591,-87.236832856
3.3113112148,-87.4349020211
3.362533863,-87.7405713724
3.4145488738,-88.0502818721
3.4673685045,-88.4045396674
3.5210052017,-88.6514286712
3.5754716045,-88.8279039879
3.6307805477,-89.0164688523
3.6869450645,-89.2764770811
3.7439783898,-89.5719559445
3.8018939632,-89.8261899005
3.8607054322,-90.0839366721
3.9204266553,-90.3181778015
3.9810717055,-90.47135322
4.0426548736,-90.6436687609
4.1051906713,-90.8089865349
4.1686938347,-91.048764977
4.2331793281,-91.3604047616
4.2986623471,-91.6488095249
4.3651583224,-91.8963173222
4.4326829235,-92.1182317504
4.5012520621,-92.3798588874
4.5708818961,-92.7211081304
4.6415888336,-93.0182273718
4.7133895362,-93.2666917406
4.7863009232,-93.5107119456
4.860340176,-93.6739185129
4.9355247414,-93.8151941504
5.0118723363,-94.0750860171
5.0894009515,-94.3048885617
5.1681288563,-94.5544894225
5.2480746025,-94.9092880353
5.3292570288,-95.2823289652
5.4116952655,-95.5120023763
5.4954087386,-95.8188506111
5.5804171748,-96.2168996868
5.6667406058,-96.6976483246
5.7543993734,-97.0565934831
5.8434141337,-97.4042309547
5.9338058628,-97.5924261529
6.0255958607,-97.8100323319
6.1188057575,-98.0553931943
6.2134575175,-98.2700888929
6.3095734448,-98.4726342713
6.4071761887,-98.7438263674
6.5062887487,-99.0406510174
6.6069344801,-99.2933306126
6.7091370996,-99.397169085
6.8129206906,-99.7169904918
6.9183097092,-100.0205738851
7.0253289897,-100.5323215561
7.1340037507,-100.9550521086
7.2443596007,-101.2567942073
7.3564225446,-101.4710482132
7.4702189893,-101.8308746798
7.5857757503,-102.0269148699
7.703120058,-102.2804404734
7.8222795639,-102.6144620896
7.9432823472,-103.0968933187
8.0661569218,-103.2547729371
8.1909322422,-103.4797383401
8.317637711,-103.5453975072
8.4463031858,-103.74272158
8.5769589859,-104.043015707
8.7096358996,-104.3266191602
8.8443651914,-104.5442809958
8.9811786096,-104.8957065032
9.1201083936,-105.162351142
9.2611872813,-105.328874337
9.4044485173,-105.4500167035
9.5499258602,-105.770315269
9.6976535911,-106.0516180536
9.8476665211,-106.3641842426
10,-106.6459264594
10.1546899243,-106.9193423929
10.3117727459,-107.2631808966
10.4712854805,-107.4945013255
10.6332657164,-107.7559534967
10.7977516233,-107.9598675532
10.9647819614,-108.1833832225
11.1343960906,-108.3553157095
11.3066339795,-108.5631599412
11.481536215,-108.8180332487
11.6591440118,-109.1332824789
11.8394992223,-109.448531709
12.0226443462,-109.7630950939
12.2086225406,-110.0817924028
12.3974776303,-110.4235975321
12.5892541179,-110.7371844088
12.7839971946,-111.076488041
12.9817527505,-111.3908801025
13.1825673856,-111.7682831613
13.3864884207,-112.1050261998
13.5935639088,-112.3377057482
13.803842646,-112.5154797881
14.0173741835,-112.7073296139
14.2342088386,-112.8335960886
14.4543977075,-112.9447768794
14.6779926762,-113.1083244775
14.9050464339,-113.3433807817
15.1356124844,-113.5777124265
15.3697451594,-113.8095579641
15.6074996309,-113.9902628024
15.8489319246,-114.2238555886
16.0940989326,-114.548766307
16.3430584272,-114.8196452577
16.5958690744,-115.0397721302
16.8525904475,-115.3207291129
17.1132830416,-115.7048612582
17.3780082875,-116.0199838956
17.6468285662,-116.3294778657
17.9198072238,-116.6524983665
18.1970085861,-116.9367200564
18.4784979742,-117.2142095055
18.7643417196,-117.4037452219
19.0546071796,-117.53151388
19.3493627539,-117.7510739611
19.6486778999,-118.0484878499
19.9526231497,-118.3149580661
20.2612701262,-118.4632313532
20.5746915605,-118.5662831355
20.8929613085,-118.6390255213
21.2161543689,-118.746542442
21.5443469003,-118.923779822
21.8776162395,-119.1117205851
22.2160409196,-119.4067751104
22.5597006884,-119.6749631657
22.9086765277,-119.8842778141
23.2630506715,-120.0816147879
23.6229066263,-120.3150116003
23.9883291902,-120.5154608333
24.3594044729,-120.7766305333
24.7362199164,-121.08175111
25.1188643151,-121.305470883
25.5074278371,-121.4762741082
25.9020020453,-121.6357024841
26.302679919,-121.737952501
26.7095558756,-121.8539875925
27.1227257933,-122.0522595905
27.5422870334,-122.264002869
27.9683384631,-122.4593308275
28.4009804791,-122.6965836196
28.8403150313,-122.8850481774
29.2864456463,-122.9212772244
29.7394774523,-123.1738770023
30.199517204,-123.4423489155
30.6666733071,-123.7256678993
31.1410558445,-123.9783411553
31.6227766017,-124.2915703853
32.1119490936,-124.54747474
32.6086885912,-124.7584843618
33.1131121483,-124.9468313033
33.6253386295,-124.9245658854
34.1454887383,-124.8729400939
34.6736850453,-125.2615450005
35.2100520168,-125.4113155098
35.7547160451,-125.5209535679
36.307805477,-125.631272289
36.8694506452,-125.8556380059
37.4397838982,-125.9888751183
38.0189396321,-126.1183302816
38.6070543215,-126.2756553647
39.2042665527,-126.4579114647
39.8107170553,-126.839399103
40.4265487362,-127.2446418233
41.0519067127,-127.3103528537
41.686938347,-127.445690184
42.3317932809,-127.6595791087
42.9866234708,-127.874031874
43.651583224,-127.9726932159
44.3268292346,-128.1574110699
45.0125206206,-128.185038855
45.7088189615,-128.2297141336
46.4158883361,-128.327875383
47.1338953616,-128.3990252312
47.8630092323,-128.5340607838
48.6034017599,-128.7190271166
49.3552474139,-128.7970454282
50.1187233627,-128.7988871993
50.8940095152,-128.8585526539
51.6812885633,-129.0961266736
52.480746025,-129.1702613182
53.2925702881,-129.3607161172
54.1169526546,-129.5584226287
54.9540873858,-129.7096525792
55.8041717477,-129.7047796987
56.6674060582,-129.8324855896
57.5439937337,-129.9619526928
58.4341413374,-130.0963526958
59.3380586275,-130.273332086
60.2559586074,-130.4550278829
61.1880575752,-130.5342481003
62.1345751748,-130.6592461189
63.095734448,-130.7806236325
64.0717618868,-130.8893999922
65.0628874866,-131.0177606722
66.0693448008,-131.2927937685
67.0913709955,-131.4075342601
68.1292069058,-131.466874293
69.1830970919,-131.6432119045
70.2532898973,-131.9690421336
71.3400375071,-132.1401038989
72.4435960075,-132.2254049135
73.564225446,-132.3690656421
74.7021898927,-132.4986733042
75.8577575029,-132.557125972
77.0312005797,-132.664036666
78.2227956386,-132.8096509045
79.4328234724,-132.9412955902
80.6615692177,-133.0687177578
81.9093224215,-133.2019461604
83.1763771103,-133.0963695326
84.4630318584,-133.061286245
85.7695898591,-133.1937779303
87.0963589956,-133.2431530219
88.4436519139,-133.2916895018
89.8117860961,-133.4695674827
91.2010839356,-133.6240031469
92.6118728129,-133.6583708638
94.0444851726,-133.7081100803
95.4992586021,-133.7700098227
96.9765359108,-133.7741910989
98.476665211,-133.9104089085
100,-134.0478035867
101.5468992433,-134.0722788019
103.1177274593,-134.1860783419
104.7128548051,-134.3182208794
106.3326571637,-134.3788181307
107.9775162328,-134.3750148138
109.6478196143,-134.4729921672
111.3439609062,-134.5680691766
113.066339795,-134.6898936696
114.8153621497,-134.8117579498
116.591440118,-134.8211131984
118.3949922229,-134.693226528
120.2264434617,-134.5857051761
122.0862254059,-134.6226236567
123.9747763029,-134.7288635292
125.8925411794,-134.8137305036
127.8399719463,-134.8920187794
129.817527505,-134.9933046696
131.8256738556,-135.099801262
133.864884207,-135.1827361043
135.9356390879,-135.244911956
138.0384264603,-135.2067780825
140.1737418347,-135.4392153903
142.3420883864,-135.6398896275
144.5439770746,-135.6915877707
146.7799267622,-135.6046141482
149.0504643386,-135.6085663515
151.3561248436,-135.6705945251
153.6974515935,-135.7111337166
156.0749963092,-135.767182492
158.4893192461,-135.8354319992
160.9409893263,-135.942881635
163.4305842723,-136.2459461595
165.9586907438,-136.4245846823
168.5259044751,-136.6101868181
171.1328304162,-136.798674187
173.7800828749,-137.001715983
176.468285662,-137.0534450868
179.1980722375,-137.2198035926
181.970085861,-137.386801869
184.7849797422,-137.4249333433
187.6434171956,-137.4376693632
190.5460717963,-137.5752207797
193.4936275391,-137.6434833123
196.4867789993,-137.7142638075
199.5262314969,-137.8064404641
202.6127012621,-137.7898651288
205.7469156048,-137.7513625919
208.9296130854,-137.9500040759
212.1615436893,-137.9822392471
215.4434690032,-138.0178029866
218.776162395,-138.1965550707
222.1604091956,-138.3944076407
225.5970068844,-138.4337259918
229.0867652768,-138.5485371578
232.6305067154,-138.597073287
236.2290662634,-138.5601008499
239.8832919019,-138.722101834
243.5940447292,-138.981693984
247.3621991639,-139.1294884739
251.188643151,-139.2138893728
255.0742783711,-139.2783936651
259.0200204531,-139.3255892736
263.0267991895,-139.2378596777
267.0955587559,-139.3053770294
271.2272579332,-139.3206713637
275.4228703338,-139.4569146957
279.6833846309,-139.6063946738
284.0098047914,-139.7312396942
288.4031503127,-139.762125161
292.8644564625,-139.6950062665
297.3947745235,-139.7691498964
301.9951720402,-139.8731766908
306.6667330713,-139.9601763075
311.4105584447,-140.1663019252
316.2277660168,-140.2931561899
321.1194909365,-140.3693818901
326.0868859119,-140.4100631074
331.1311214826,-140.4973122049
336.2533862952,-140.5713133845
341.4548873834,-140.7021721142
346.7368504525,-140.8921113386
352.1005201685,-140.9224099034
357.5471604506,-140.9842903899
363.0780547701,-141.0488633028
368.694506452,-141.1661684055
374.3978389824,-141.2315647973
380.1893963206,-141.3186212997
386.0705432154,-141.3956318287
392.042665527,-141.4843407558
398.1071705535,-141.5223188595
404.2654873623,-141.589287937
410.5190671273,-141.6455431956
416.8693834703,-141.7422376376
423.3179328088,-141.8122789843
429.8662347082,-141.8577236032
436.5158322402,-141.870660477
443.268292346,-141.8816181855
450.1252062061,-141.9467600158
457.0881896149,-142.0163390041
464.1588833613,-142.0562006436
471.3389536157,-142.1074724968
478.6300923226,-142.1697891991
486.034017599,-142.2401244203
493.5524741395,-142.3089750517
501.1872336273,-142.3686243519
508.9400951518,-142.471374525
516.8128856326,-142.5605013057
524.8074602498,-142.6373372084
532.9257028812,-142.7020054424
541.1695265465,-142.7632803328
549.5408738576,-142.8499609394
558.041717477,-142.9522321635
566.674060582,-142.9986136772
575.4399373372,-143.0552224418
584.3414133735,-143.0659231295
593.3805862753,-143.1585376784
602.5595860744,-143.1856468887
611.8805757518,-143.2018786198
621.3457517481,-143.2444395534
630.9573444802,-143.3375934792
640.7176188676,-143.38234127
650.6288748656,-143.4157153731
660.6934480076,-143.4875066084
670.9137099554,-143.5186434857
681.292069058,-143.6043111916
691.8309709189,-143.6915931683
702.5328989731,-143.7048805384
713.4003750713,-143.7882862444
724.435960075,-143.8915877202
735.6422544596,-143.9704563679
747.0218989273,-144.0354205221
758.5775750292,-144.0979162801
770.3120057972,-144.1893280767
782.227956386,-144.237578286
794.3282347243,-144.3549322509
806.6156921766,-144.3858354772
819.0932242153,-144.4704914903
831.7637711027,-144.5762851165
844.630318584,-144.6145324463
857.6958985909,-144.6503782626
870.9635899561,-144.6881082961
884.4365191386,-144.7453673699
898.1178609607,-144.7989169938
912.0108393559,-144.8250369949
926.1187281288,-144.8553824108
940.4448517264,-144.8765487419
954.9925860214,-144.8904145467
969.7653591083,-144.9320294961
984.7666521102,-144.9699786061
1000,-145.0675613886
1015.4689924331,-145.1525526206
1031.1772745931,-145.2440663664
1047.1285480509,-145.2885822493
1063.3265716372,-145.380672244
1079.7751623277,-145.4729967357
1096.4781961432,-145.5329169594
1113.4396090624,-145.6172360392
1130.6633979496,-145.6976745173
1148.1536214969,-145.769379961
1165.9144011798,-145.8211888653
1183.9499222293,-145.8452561836
1202.2644346174,-145.8793754836
1220.8622540591,-145.9106851064
1239.747763029,-145.9508082633
1258.9254117942,-145.997480647
1278.399719463,-146.0409216695
1298.1752750499,-146.1076937955
1318.2567385564,-146.1669047643
1338.64884207,-146.2434375659
1359.3563908785,-146.3078224976
1380.3842646029,-146.3598760112
1401.7374183468,-146.4235913961
1423.4208838644,-146.5051348666
1445.4397707459,-146.5763520542
1467.7992676221,-146.6424592278
1490.5046433862,-146.6894091207
1513.5612484362,-146.7419025422
1536.9745159353,-146.8043903618
1560.7499630921,-146.8479049697
1584.8931924611,-146.8903465515
1609.4098932625,-146.9650729058
1634.3058427231,-147.0389606137
1659.5869074376,-147.0910607126
1685.2590447508,-147.0949698513
1711.3283041618,-147.1312810856
1737.8008287494,-147.1638128025
1764.6828566195,-147.1898717485
1791.9807223753,-147.2025607206
1819.70085861,-147.2226458473
1847.8497974223,-147.2703099442
1876.4341719561,-147.2780201852
1905.4607179633,-147.3072749321
1934.936275391,-147.3217266619
1964.8677899935,-147.4082156234
1995.2623149689,-147.4743307409
2026.1270126212,-147.4840689915
2057.4691560478,-147.5570787018
2089.296130854,-147.6294401742
2121.6154368927,-147.7117514661
2154.4346900319,-147.77501524
2187.7616239496,-147.8408268058
2221.6040919558,-147.9127136585
2255.9700688436,-147.9502405244
2290.8676527678,-148.0212736975
2326.3050671536,-147.996247218
2362.2906626345,-148.0256559566
2398.8329190195,-148.0819593269
2435.940447292,-148.1077809423
2473.6219916386,-148.1208672963
2511.8864315096,-148.1799140292
2550.7427837114,-148.2106040678
2590.2002045313,-148.1957739084
2630.2679918954,-148.231340624
2670.955587559,-148.2637904605
2712.272579332,-148.2752427334
2754.2287033382,-148.3423196954
2796.8338463091,-148.4179095069
2840.0980479142,-148.4812500607
2884.0315031266,-148.5126309421
2928.6445646252,-148.5269993983
2973.9477452346,-148.5336097449
3019.951720402,-148.5764377647
3066.6673307132,-148.6713916229
3114.1055844468,-148.7186552468
3162.2776601684,-148.7615536198
3211.1949093648,-148.8101330094
3260.8688591189,-148.8620132596
3311.3112148259,-148.8997297842
3362.5338629516,-148.9281387806
3414.5488738336,-148.9907702851
3467.3685045253,-149.0647144128
3521.0052016845,-149.0732046167
3575.4716045062,-149.1106386468
3630.780547701,-149.123404821
3686.9450645196,-149.1950299312
3743.9783898238,-149.2368818895
3801.8939632056,-149.2763837647
3860.7054321538,-149.2895507607
3920.4266552702,-149.3040792246
3981.071705535,-149.3461332925
4042.6548736235,-149.362459957
4105.1906712731,-149.4243771721
4168.6938347034,-149.4974013261
4233.1793280882,-149.5225976587
4298.6623470823,-149.5620921755
4365.1583224017,-149.5630686113
4432.6829234601,-149.5799218771
4501.2520620613,-149.6399938244
4570.8818961488,-149.6742059431
4641.5888336128,-149.6864532157
4713.3895361574,-149.713087963
4786.3009232264,-149.7181742406
4860.3401759902,-149.7278978582
4935.5247413948,-149.7149508965
5011.8723362727,-149.7279323632
5089.4009515181,-149.7385776059
5168.128856326,-149.7534948938
5248.0746024977,-149.7690245814
5329.257028812,-149.7690841278
5411.6952654646,-149.7796976109
5495.4087385763,-149.7913267265
5580.41717477,-149.8036631496
5666.7406058199,-149.8539297866
5754.3993733716,-149.866330717
5843.4141337352,-149.9380249835
5933.8058627533,-149.9547624774
6025.5958607436,-149.9944991858
6118.8057575182,-150.0143808478
6213.4575174808,-150.0579843611
6309.5734448019,-150.0665598045
6407.1761886755,-150.1368563521
6506.2887486556,-150.1988743453
6606.934480076,-150.2428306974
6709.1370995541,-150.3042518121
6812.9206905796,-150.3523484388
6918.3097091894,-150.3681504499
7025.3289897305,-150.4027031286
7134.0037507126,-150.4307271352
7244.3596007499,-150.4432520558
7356.4225445964,-150.4602163754
7470.2189892733,-150.4812325923
7585.7757502918,-150.4468858409
7703.1200579722,-150.4493557017
7822.27956386,-150.4737244145
7943.2823472428,-150.4366527206
8066.1569217661,-150.4369982169
8190.932242153,-150.4485445877
8317.6377110267,-150.4614552509
8446.3031858397,-150.4538210036
8576.958985909,-150.4809926387
8709.6358995608,-150.4858014623
8844.365191386,-150.5079688755
8981.178609607,-150.5267120459
9120.1083935591,-150.5407872024
9261.1872812879,-150.5845661177
9404.4485172635,-150.6291015327
9549.9258602144,-150.6488405557
9697.6535910825,-150.6935870169
9847.6665211016,-150.7480222305
10000,-150.8003563615
10154.6899243308,-150.8457711933
10311.7727459306,-150.8684990181
10471.285480509,-150.8878491062
10633.2657163716,-150.9426407834
10797.7516232771,-150.9777729304
10964.7819614319,-150.9731650188
11134.3960906236,-150.9987396401
11306.6339794964,-151.0337367869
11481.5362149688,-150.9975704256
11659.1440117983,-150.9778330216
11839.499222293,-150.9740133798
12022.6443461741,-150.9604933781
12208.6225405907,-150.9671981585
12397.4776302894,-150.9749185097
12589.2541179417,-150.9736318929
12783.9971946302,-150.9691486273
12981.7527504985,-150.9601365293
13182.5673855641,-150.9469242973
13386.4884206999,-150.9429843488
13593.5639087853,-150.988699096
13803.8426460288,-151.0305461681
14017.3741834677,-151.0334179794
14234.2088386434,-151.0416970444
14454.3977074593,-151.0497163756
14677.9926762207,-151.0642717293
14905.046433862,-151.0540483576
15135.6124843621,-151.0884984367
15369.7451593527,-151.106615265
15607.4996309211,-151.1281152344
15848.9319246111,-151.1637567993
16094.0989326253,-151.1872932757
16343.0584272314,-151.1814108541
16595.8690743756,-151.20126132
16852.5904475075,-151.2277025081
17113.2830416178,-151.2795005811
17378.0082874938,-151.3253827836
17646.828566195,-151.3694178134
17919.8072237533,-151.3906218435
18197.0085860998,-151.4331910254
18478.4979742229,-151.4568467088
18764.3417195609,-151.4397822689
19054.6071796325,-151.4611020553
19349.3627539095,-151.4922723527
19648.6778999347,-151.5230439378
19952.6231496888,-151.5535213321
20261.2701262114,-151.5564508285
20574.6915604784,-151.5469159793
20892.9613085404,-151.5750277132
21216.1543689268,-151.5904114678
21544.3469003188,-151.5775524972
21877.6162394955,-151.5796759692
22216.0409195581,-151.6334342005
22559.7006884358,-151.6283615132
22908.6765276777,-151.6105935165
23263.0506715363,-151.6171397758
23622.9066263446,-151.6063922079
23988.3291901949,-151.6166242752
24359.4044729203,-151.6151597348
24736.2199163862,-151.6135979319
25118.8643150958,-151.6109772558
25507.4278371136,-151.6342156284
25902.0020453132,-151.6342214497
26302.6799189538,-151.602978698
26709.5558755898,-151.6275557805
27122.7257933203,-151.6627260188
27542.2870333817,-151.6791750809
27968.3384630908,-151.6817938861
28400.9804791421,-151.6896840345
28840.3150312661,-151.711698963
29286.4456462524,-151.7080522856
29739.4774523461,-151.7211306556
30199.5172040202,-151.7442115824
30666.6733071318,-151.7742615604
31141.0558444676,-151.8011552847
31622.7766016838,-151.8009929087
32111.9490936482,-151.7941792547
32608.6885911893,-151.8377199344
33113.1121482591,-151.8770702478
33625.3386295163,-151.8928499283
34145.488738336,-151.9046226157
34673.6850452532,-151.9388954054
35210.0520168452,-151.9255769396
35754.7160450621,-151.9107665818
36307.8054770101,-151.9099042899
36869.4506451958,-151.9276299411
37439.7838982381,-151.8812978531
38018.9396320561,-151.9192252623
38607.0543215381,-151.8898689689
39204.2665527015,-151.8969304995
39810.7170553497,-151.8943369085
40426.5487362344,-151.8782893207
41051.9067127308,-151.8903948014
41686.9383470335,-151.9062970938
42331.7932808821,-151.902380864
42986.6234708228,-152.0158146933
43651.5832240166,-152.1780458318
44326.8292346009,-152.3289854595
45012.5206206134,-152.319940336
45708.8189614875,-152.3205988804
46415.8883361278,-152.3274871177
47133.8953615741,-152.3432379385
47863.0092322638,-152.3721573489
48603.4017599022,-152.3455310407
49355.2474139481,-152.3294844351
50118.7233627272,-152.3479252804
50894.0095151809,-152.2388961978
51681.2885632604,-152.0810170603
52480.7460249773,-151.992575255
53292.57028812,-151.9951285337
54116.9526546464,-152.0089434782
54954.0873857625,-152.0022245781
55804.1717476997,-151.9951315644
56667.4060581991,-151.9939595777
57543.9937337157,-151.9992476614
58434.1413373518,-152.0394459648
59338.0586275328,-152.0351793184
60255.9586074358,-152.049535325
61188.0575751822,-152.0669158407
62134.5751748076,-152.061053314
63095.7344480193,-152.0716049326
64071.7618867554,-152.0432970651
65062.8874865557,-152.0905656884
66069.3448007596,-152.0898998582
67091.3709955411,-152.0531151013
68129.2069057961,-152.0631068476
69183.0970918936,-152.0472699677
70253.2898973052,-152.0506586538
71340.0375071256,-152.0407036238
72443.596007499,-152.0283185966
73564.2254459641,-152.037795281
74702.1898927332,-152.0092758595
75857.7575029184,-151.9985324849
77031.2005797215,-151.9538564132
78222.7956386002,-151.9655395749
79432.8234724282,-151.9998663551
80661.5692176613,-152.0118239453
81909.3224215297,-152.0136683983
83176.3771102671,-152.019701923
84463.0318583969,-152.0031633365
85769.5898590894,-151.9843605936
87096.3589956081,-151.9918721668
88443.65191386,-152.0214155437
89811.7860960695,-152.0663215493
91201.083935591,-152.0528609836
92611.8728128794,-152.0549334746
94044.4851726352,-152.082582542
95499.2586021436,-152.1239868721
96976.5359108249,-152.1989536768
98476.6652110158,-152.2382839373
100000,-152.2881744049
101546.899243308,-152.3148886916
103117.727459306,-152.3163727221
104712.85480509,-152.3108758895
106332.657163716,-152.3024173624
107977.516232771,-152.3148802269
109647.819614319,-152.3264131001
111343.960906236,-152.3190624818
113066.339794964,-152.274220755
114815.362149688,-152.2135754557
116591.440117983,-152.1698314737
118394.99222293,-152.1505889572
120226.443461741,-152.1285810053
122086.225405907,-152.1031805255
123974.776302894,-152.0988195654
125892.541179417,-152.068103818
127839.971946302,-152.0681310894
129817.527504985,-152.0662362328
131825.673855641,-152.0535383932
133864.884206999,-152.0483514549
135935.639087853,-152.0280115285
138038.426460288,-152.0390459365
140173.741834677,-152.0314558814
142342.088386434,-152.0503356206
144543.977074593,-152.0527055027
146779.926762207,-152.0584901267
149050.46433862,-152.088051201
151356.124843621,-152.0906603616
153697.451593527,-152.0985140176
156074.996309211,-152.1118695869
158489.319246111,-152.1107571476
160940.989326254,-152.1185200015
163430.584272314,-152.1023218655
165958.690743756,-152.092239967
168525.904475075,-152.0839922491
171132.830416178,-152.1008522965
173780.082874938,-152.0623524131
176468.28566195,-152.0293480703
179198.072237533,-152.0281759348
181970.085860998,-151.9961115168
184784.979742229,-151.9643787703
187643.417195609,-151.938958228
190546.071796325,-151.9334223494
193493.627539095,-151.9321786838
196486.778999347,-151.9456528364
199526.231496888,-151.9530939252
202612.701262114,-151.9227786828
205746.915604784,-151.9237949204
208929.613085404,-151.9225557684
212161.543689268,-151.8965187697
215443.469003188,-151.8836990587
218776.162394955,-151.8911310841
222160.409195581,-151.8997514395
225597.006884358,-151.8889078754
229086.765276777,-151.857417232
232630.506715363,-151.8219422436
236229.066263446,-151.8056253282
239883.291901949,-151.8132880111
243594.044729203,-151.8184196728
247362.199163862,-151.8240645331
251188.643150958,-151.8322229238
255074.278371136,-151.8423083486
259020.020453132,-151.8039866421
263026.799189538,-151.7713944125
267095.558755898,-151.7843524878
271227.257933203,-151.8389906222
275422.870333817,-151.9006875158
279683.384630908,-151.918900567
284009.804791421,-151.9317961061
288403.150312661,-151.967888544
292864.456462524,-152.0110078755
297394.774523461,-152.0573861073
301995.172040202,-151.9569609673
306666.733071318,-151.8258360812
311410.558444676,-151.7707589816
316227.766016838,-151.8010464705
321119.490936482,-151.8412059808
326086.885911893,-151.7299283655
331131.121482591,-151.7635179602
336253.386295163,-151.7862119069
341454.88738336,-151.8141090028
346736.850452532,-151.7424888797
352100.520168452,-151.6584328452
357547.160450621,-151.7994352511
363078.054770101,-152.0194033835
368694.506451958,-152.1961488543
374397.838982381,-152.2673258854
380189.396320561,-152.2772343137
386070.543215381,-152.4702321971
392042.665527015,-152.4787890475
398107.170553497,-152.5492834213
404265.487362344,-152.6180502551
410519.067127308,-152.7846548884
416869.383470335,-152.9714330008
423317.932808821,-153.0496475089
429866.234708228,-153.1489971608
436515.832240166,-153.2029886359
443268.292346009,-153.2685097178
450125.206206134,-153.3792228694
457088.189614875,-153.4198219058
464158.883361278,-153.5183622276
471338.953615741,-153.5940833493
478630.092322638,-153.6561249925
486034.017599022,-153.6878245572
493552.474139481,-153.7320440242
501187.233627272,-153.8066255513
508940.095151809,-153.8401465271
516812.885632604,-153.9184306575
524807.460249773,-153.9445138296
532925.7028812,-153.9805028438
541169.526546464,-154.0288171803
549540.873857625,-154.0743064121
558041.717476996,-154.0759183276
566674.060581991,-154.0762231699
575439.937337157,-154.105377926
584341.413373518,-154.1012387862
593380.586275328,-154.1034314518
602559.586074358,-154.1065492759
611880.575751822,-153.879076734
621345.751748076,-153.8878807245
630957.344480193,-153.876248161
640717.618867554,-153.8634778408
650628.874865557,-153.8625697916
660693.448007596,-153.8810989217
670913.709955411,-153.9385621444
681292.069057961,-153.9848679705
691830.970918936,-154.0321790697
702532.898973052,-154.0759026354
713400.375071256,-154.1319677078
724435.96007499,-154.4108367338
735642.254459641,-154.4547321079
747021.898927332,-154.5236855951
758577.575029184,-154.624803705
770312.005797215,-154.717705951
782227.956386002,-154.7955584919
794328.234724282,-154.8611717306
806615.692176613,-154.9366792216
819093.224215297,-155.0172098627
831763.771102671,-155.0707699349
844630.318583969,-155.1372238338
857695.898590894,-155.1775491327
870963.589956081,-155.2501866174
884436.5191386,-155.2588194555
898117.860960695,-155.2567846835
912010.83935591,-155.2361820604
926118.728128794,-155.2542529801
940444.851726352,-155.24113575
954992.586021436,-155.2238591225
969765.359108249,-155.2086898875
984766.652110158,-155.2120328703
1000000,-155.1973959866
